﻿{
	"name": "ComComp",
	"version": "17.0.0.2300",
	"description": "nexacro platform 17 Unified Framework Library",
	"license": "",
	"scripts": [
		"ComComp/Dataset.js",
		"ComComp/DomObject.js",
		"ComComp/Static.js",
		"ComComp/Button.js",
		"ComComp/Edit.js",
		"ComComp/MaskEdit.js",
		"ComComp/TextArea.js",
		"ComComp/ImageViewer.js",
		"ComComp/CheckBox.js",
		"ComComp/Radio.js",
		"ComComp/ListBox.js",
		"ComComp/Combo.js",
		"ComComp/Div.js",
		"ComComp/ProgressBar.js",
		"ComComp/PopupDiv.js",
		"ComComp/Menu.js",
		"ComComp/PopupMenu.js",
		"ComComp/Spin.js",
		"ComComp/DatePicker.js",
		"ComComp/Calendar.js",
		"ComComp/GroupBox.js",
		"ComComp/Tab.js",
		"ComComp/FileDialog.js",
		"ComComp/FileDownload.js",
		"ComComp/FileDownTransfer.js",
		"ComComp/FileUpload.js",
		"ComComp/FileUpTransfer.js",
		"ComComp/VideoPlayer.js",
		"ComComp/WebBrowser.js",
		"ComComp/GoogleMap.js",
		"ComComp/Sketch.js",
		"ComComp/ExportObject.js",
		"ComComp/ImportObject.js",
		"ComComp/Tray.js",
		"ComComp/Plugin.js",
        "ComComp/VirtualFile.js",
        "ComComp/Cell.js"
	],
	"objInfo": [
		"ComComp/metainfo/IconControl.info",
		"ComComp/metainfo/IconTextControl.info",
		"ComComp/metainfo/ImageControl.info",
		"ComComp/metainfo/Static.info",
		"ComComp/metainfo/Button.info",
		"ComComp/metainfo/CheckBox.info",
		"ComComp/metainfo/Edit.info",
		"ComComp/metainfo/Div.info",
		"ComComp/metainfo/PopupDiv.info",
		"ComComp/metainfo/Tab.info",
		"ComComp/metainfo/TabButtonItemControl.info",
		"ComComp/metainfo/TabpageControl.info",
		"ComComp/metainfo/ListBox.info",
		"ComComp/metainfo/ListBoxItemControl.info",
		"ComComp/metainfo/Combo.info",
		"ComComp/metainfo/FileDialog.info",
		"ComComp/metainfo/FileDownload.info",
		"ComComp/metainfo/FileDownTransfer.info",
		"ComComp/metainfo/FileUpload.info",
		"ComComp/metainfo/FileUploadItemControl.info",
		"ComComp/metainfo/FileUpTransfer.info",
		"ComComp/metainfo/GroupBox.info",
		"ComComp/metainfo/ImageViewer.info",
		"ComComp/metainfo/MaskEdit.info",
		"ComComp/metainfo/Menu.info",
		"ComComp/metainfo/MenuItemControl.info",
		"ComComp/metainfo/PopupMenu.info",
		"ComComp/metainfo/PopupMenuItemControl.info",
		"ComComp/metainfo/ProgressBar.info",
		"ComComp/metainfo/Radio.info",
		"ComComp/metainfo/RadioItemControl.info",
		"ComComp/metainfo/Spin.info",
		"ComComp/metainfo/TextArea.info",
		"ComComp/metainfo/Sketch.info",
		"ComComp/metainfo/WebBrowser.info",
		"ComComp/metainfo/DatePickerControl.info",
		"ComComp/metainfo/DatePickerBodyControl.info",
		"ComComp/metainfo/DatePickerDayItemControl.info",
		"ComComp/metainfo/DatePickerWeekItemControl.info",
		"ComComp/metainfo/DatePickerHeadControl.info",
		"ComComp/metainfo/Calendar.info",
		"ComComp/metainfo/GoogleMap.info",
		"ComComp/metainfo/GoogleMapMarker.info",
		"ComComp/metainfo/GoogleMapPolygon.info",
		"ComComp/metainfo/GoogleMapPolyline.info",
		"ComComp/metainfo/GoogleMapCircle.info",
		"ComComp/metainfo/ExcelExportObject.info",
		"ComComp/metainfo/ExportTypes.info",
		"ComComp/metainfo/ExportItemTypes.info",
		"ComComp/metainfo/ExportItem.info",
		"ComComp/metainfo/ExportProgress.info",
		"ComComp/metainfo/ExcelImportObject.info",
		"ComComp/metainfo/ImportTypes.info",
		"ComComp/metainfo/Dataset.info",
		"ComComp/metainfo/CalendarCloseUpEventInfo.info",
		"ComComp/metainfo/CalendarDayClickEventInfo.info",
		"ComComp/metainfo/CalendarSpinEventInfo.info",
		"ComComp/metainfo/CheckBoxChangedEventInfo.info",
		"ComComp/metainfo/ComboCloseUpEventInfo.info",
		"ComComp/metainfo/DSLoadEventInfo.info",
		"ComComp/metainfo/DSRowPosChangeEventInfo.info",
		"ComComp/metainfo/DSRowsetChangeEventInfo.info",
		"ComComp/metainfo/EditClickEventInfo.info",
		"ComComp/metainfo/ExcelExportErrorEventInfo.info",
		"ComComp/metainfo/ExcelExportEventInfo.info",
		"ComComp/metainfo/ExcelExportProgressEventInfo.info",
		"ComComp/metainfo/ExcelImportErrorEventInfo.info",
		"ComComp/metainfo/ExcelImportEventInfo.info",
		"ComComp/metainfo/FileDialogEventInfo.info",
		"ComComp/metainfo/FileDownloadErrorEventInfo.info",
		"ComComp/metainfo/FileDownloadEventInfo.info",
		"ComComp/metainfo/FileDownTransferErrorEventInfo.info",
		"ComComp/metainfo/FileDownTransferEventInfo.info",
		"ComComp/metainfo/FileUploadErrorEventInfo.info",
		"ComComp/metainfo/FileUploadEventInfo.info",
		"ComComp/metainfo/FileUploadItemChangeEventInfo.info",
		"ComComp/metainfo/FileUploadItemEventInfo.info",
		"ComComp/metainfo/FileUploadMouseEventInfo.info",
		"ComComp/metainfo/FileUpTransferErrorEventInfo.info",
		"ComComp/metainfo/FileUpTransferEventInfo.info",
		"ComComp/metainfo/FileUpTransferProgressEventInfo.info",
		"ComComp/metainfo/InputEventInfo.info",
		"ComComp/metainfo/ItemChangeEventInfo.info",
		"ComComp/metainfo/ItemClickEventInfo.info",
		"ComComp/metainfo/VideoPlayer.info",
		"ComComp/metainfo/VideoCurrentTimeChangedEventInfo.info",
		"ComComp/metainfo/VideoErrorEventInfo.info",
		"ComComp/metainfo/VideoPlayStateChangedEventInfo.info",
		"ComComp/metainfo/MenuClickEventInfo.info",
		"ComComp/metainfo/MenuDragEventInfo.info",
		"ComComp/metainfo/MenuMouseEventInfo.info",
		"ComComp/metainfo/SketchErrorEventInfo.info",
		"ComComp/metainfo/SketchEventInfo.info",
		"ComComp/metainfo/SketchLoadEventInfo.info",
		"ComComp/metainfo/SpinEventInfo.info",
		"ComComp/metainfo/TabIndexChangeEventInfo.info",
		"ComComp/metainfo/TabMouseEventInfo.info",
		"ComComp/metainfo/GoogleMapClickEventInfo.info",
		"ComComp/metainfo/GoogleMapDragEventInfo.info",
		"ComComp/metainfo/GoogleMapErrorEventInfo.info",
		"ComComp/metainfo/GoogleMapEventInfo.info",
		"ComComp/metainfo/WebLoadCompEventInfo.info",
		"ComComp/metainfo/WebUserNotifyEventInfo.info",
		"ComComp/metainfo/Plugin.info",
		"ComComp/metainfo/VirtualFile.info",
		"ComComp/metainfo/VirtualFileErrorEventInfo.info",
		"ComComp/metainfo/VirtualFileEventInfo.info",
		"ComComp/metainfo/CellTreeItemControl.info",
		"ComComp/metainfo/CellTreeLineControl.info",
		"ComComp/metainfo/TreeItemIconControl.info"
	],
	"designscripts": [
		"ComComp/Design/DesignStatic.js", 
		"ComComp/Design/DesignButton.js", 		
		"ComComp/Design/DesignEdit.js", 
		"ComComp/Design/DesignMaskEdit.js", 
		"ComComp/Design/DesignTextArea.js", 
		"ComComp/Design/DesignImageViewer.js", 
		"ComComp/Design/DesignCheckBox.js", 
		"ComComp/Design/DesignRadio.js", 
		"ComComp/Design/DesignListBox.js", 
		"ComComp/Design/DesignCombo.js", 
		"ComComp/Design/DesignDiv.js", 
		"ComComp/Design/DesignProgressBar.js", 
		"ComComp/Design/DesignPopupDiv.js",
    "ComComp/Design/DesignMenu.js",
    "ComComp/Design/DesignPopupMenu.js", 
		"ComComp/Design/DesignSpin.js", 
		"ComComp/Design/DesignDatePicker.js", 
		"ComComp/Design/DesignCalendar.js", 
		"ComComp/Design/DesignGroupBox.js", 
		"ComComp/Design/DesignTab.js", 
		"ComComp/Design/DesignFileDownload.js", 
		"ComComp/Design/DesignFileUpload.js", 
		"ComComp/Design/DesignVideoPlayer.js",
		"ComComp/Design/DesignWebBrowser.js",
		"ComComp/Design/DesignGoogleMap.js",
    "ComComp/Design/DesignSketch.js",
    "ComComp/Design/DesignPlugin.js",
		"ComComp/Design/DesignVirtualFile.js"
	]
}
