﻿{
	"name": "CompBase",
	"version": "17.0.0.2300",
	"description": "nexacro platform 17 Unified Framework Library",
	"license": "",
	"scripts": [
		"CompBase/Element_HTML5.js",
		"CompBase/Element_Runtime.js",
		"CompBase/CompBase.js",
		"CompBase/CompEventBase.js",
		"CompBase/Data.js",
		"CompBase/EditBase.js",
		"CompBase/FormBase.js",
		"CompBase/TitleBar.js",
		"CompBase/StatusBar.js",
		"CompBase/FrameBase.js",
		"CompBase/ScrollBar.js",
		"CompBase/Step.js",
		"CompBase/Animation.js"
	],
	"designscripts": [
		"CompBase/Design/DesignCompBase.js",
		"CompBase/Design/DesignFrameBase.js",
		"CompBase/Design/DesignScrollBar.js",
		"CompBase/Design/DesignStatusBar.js",
		"CompBase/Design/DesignTitleBar.js",
		"CompBase/Design/DesignData.js",
		"CompBase/Design/DesignStep.js"
	],
  "objInfo": [
    "ComComp/metainfo/Component.info",    
    "ComComp/metainfo/CompositeComponent.info",
    "CompBase/metainfo/Layout.info",
    "CompBase/metainfo/Form.info",
    "CompBase/metainfo/StepControl.info",
    "CompBase/metainfo/MainFrame.info",
    "CompBase/metainfo/ChildFrame.info",
    "CompBase/metainfo/FrameSet.info",
    "CompBase/metainfo/HFrameSet.info",
    "CompBase/metainfo/VFrameSet.info",
    "CompBase/metainfo/TileFrameSet.info",
    "CompBase/metainfo/ScrollBarControl.info",
    "CompBase/metainfo/ScrollIndicatorControl.info",
    "CompBase/metainfo/StatusBarControl.info",
    "CompBase/metainfo/TitleBarControl.info",
    "CompBase/metainfo/TitleBarButtonControl.info",
    "CompBase/metainfo/TitleBarIconTextControl.info",
    "CompBase/metainfo/ColumnInfo.info",
    "CompBase/metainfo/BindItem.info",
    "CompBase/metainfo/EventInfo.info",
    "CompBase/metainfo/ActivateEventInfo.info",
    "CompBase/metainfo/ChangeEventInfo.info",
    "CompBase/metainfo/ClickEventInfo.info",
    "CompBase/metainfo/CloseEventInfo.info",
    "CompBase/metainfo/ContextMenuEventInfo.info",
    "CompBase/metainfo/DeviceButtonEventInfo.info",
    "CompBase/metainfo/DragEventInfo.info",
    "CompBase/metainfo/DSColChangeEventInfo.info",
    "CompBase/metainfo/KeyEventInfo.info",
    "CompBase/metainfo/KillFocusEventInfo.info",
    "CompBase/metainfo/LayoutChangeEventInfo.info",
    "CompBase/metainfo/LoadEventInfo.info",
    "CompBase/metainfo/MouseEventInfo.info",
    "CompBase/metainfo/MouseWheelEventInfo.info",
    "CompBase/metainfo/MoveEventInfo.info",
    "CompBase/metainfo/ScrollEventInfo.info",
    "CompBase/metainfo/SetFocusEventInfo.info",
    "CompBase/metainfo/SizeEventInfo.info",
    "CompBase/metainfo/StepChangeEventInfo.info",
    "CompBase/metainfo/SysCommandEventInfo.info",
    "CompBase/metainfo/TouchEventInfo.info",
    "CompBase/metainfo/TouchInputInfo.info",
    "CompBase/metainfo/OrientationChangeEventInfo.info",
    "CompBase/metainfo/BindingValueChangedEventInfo.info",
    "CompBase/metainfo/InnerdataChangedEventInfo.info",
    "CompBase/metainfo/Animation.info",
    "CompBase/metainfo/AnimationTimeline.info",
    "CompBase/metainfo/AnimationItem.info",
    "CompBase/metainfo/AnimationTimelineItem.info",
    "CompBase/metainfo/AnimationEventInfo.info"
  ]
}


